nama,email,noHP,alamat,link portofolio,link CV
Joko Warsito, bb@bb.bb, http://aaxx.abb,http://adadada.ada
Jio Warpo, bb@bb.bb, http://aaxx.abb,http://adadada.ada
tyiko Warsito, bb@bb.bb, http://aaxx.abb,http://adadada.ada
Jokp Warsito, bb@bb.bb, http://aaxx.abb,http://adadada.ada
aaoko Warjto, bb@bb.bb, http://aaxx.abb,http://adadada.ada
asoko Wuito, bb@bb.bb, http://aaxx.abb,http://adadada.ada
Jum Warsito, bb@bb.bb, http://aaxx.abb,http://adadada.ada
tyoko Warsito, bb@bb.bb, http://aaxx.abb,http://adadada.ada
rt Warsito, bb@bb.bb, http://aaxx.abb,http://adadada.ada
tyo Warsito, bb@bb.bb, http://aaxx.abb,http://adadada.ada
ioo Warsito, bb@bb.bb, http://aaxx.abb,http://adadada.ada
po Warsito, bb@bb.bb, http://aaxx.abb,http://adadada.ada
we Warsito, bb@bb.bb, http://aaxx.abb,http://adadada.ada
sw Warsito, bb@bb.bb, http://aaxx.abb,http://adadada.ada
tr Warsito, bb@bb.bb, http://aaxx.abb,http://adadada.ada



